Product Name,Learnworld Tag,TIme
CAIE Business Paper 4 Mini Course,Solo Pass Mini Course Biz P4,One Time
CAIE Business 2 Week Revision Course,Solo Pass Mini Course Biz AS Rev,One Time
Business Paper 2 Calculation Guide,Solo Pass Mini Course Biz P2 CG,One Time
Business Paper 3 Calculation Guide,Solo Pass Mini Course Biz P3 CG,One Time
Chemistry Paper 3 Mini Course,Solo Pass Mini Course Chem P3,One Time
Chemistry Paper 5 Mini Course,Solo Pass Mini Course Chem P5,One Time
AS Organic Chemistry Revision Course,Solo Pass Mini Course Chem Org Rev,One Time
CAIE Psychology Research Methods Mini Course,Solo Pass Mini Course Psy RM,One Time
Business Course Companion,Downloadable product No tag,One Time
Organic Reactions Cheat-sheet,Downloadable product No tag,One Time
Psychology Course Companion,Downloadable product No tag,One Time
Business Definitions Sheet AS,Downloadable product No tag,One Time
Business Definitions Sheet A2,Downloadable product No tag,One Time
Business Formulae Sheet AS,Downloadable product No tag,One Time
Business Formulae Sheet A2,Downloadable product No tag,One Time
Business AS Topical Worksheet Pack,Downloadable product No tag,One Time
Business A2 Topical Worksheet Pack,Downloadable product No tag,One Time
Chemistry AS Topical Worksheet Pack,Downloadable product No tag,One Time
Chemistry A2 Topical Worksheet Pack,Downloadable product No tag,One Time
Biology AS Topical Worksheet Pack,Downloadable product No tag,One Time
Biology A2 Topical Worksheet Pack,Downloadable product No tag,One Time
Economics AS Topical Worksheet Pack,Downloadable product No tag,One Time
Economics A2 Topical Worksheet Pack,Downloadable product No tag,One Time
Physics AS Topical Worksheet Pack,Downloadable product No tag,One Time
Physics A2 Topical Worksheet Pack,Downloadable product No tag,One Time
Accounting AS Topical Worksheet Pack,Downloadable product No tag,One Time
Accounting A2 Topical Worksheet Pack,Downloadable product No tag,One Time
Mathematics AS Topical Worksheet Pack,Downloadable product No tag,One Time
Mathematics A2 Topical Worksheet Pack,Downloadable product No tag,One Time
Biology Paper 3 Notes,Downloadable product No tag,One Time
Biology Paper 5 Notes,Downloadable product No tag,One Time
Chemistry Detailed Chapter Notes AS,Downloadable product No tag,One Time
Chemistry Detailed Chapter Notes A2,Downloadable product No tag,One Time
Psychology 500+ MCQs Challenge (Set 1),Downloadable product No tag,One Time
Biology 500+ MCQs Challenge (Set 1),Downloadable product No tag,One Time
Business AS 500+ MCQs Challenge,Downloadable product No tag,One Time
Chemistry AS 500+ MCQs Challenge,Downloadable product No tag,One Time
Chemistry A2 500+ MCQs Challenge,Downloadable product No tag,One Time
Business A2 500+ MCQs Challenge,Downloadable product No tag,One Time
Business AS Solved Past Paper (pdfs),Downloadable product No tag,One Time
Business A2 Solved Past Paper (pdfs),Downloadable product No tag,One Time
Chemistry AS Solved Past Paper (pdfs),Downloadable product No tag,One Time
Chemistry A2 Solved Past Paper (pdfs),Downloadable product No tag,One Time
Biology AS Solved Past Paper (pdfs),Downloadable product No tag,One Time
Biology A2 Solved Past Paper (pdfs),Downloadable product No tag,One Time
Economics AS Solved Past Paper (pdfs),Downloadable product No tag,One Time
Economics A2 Solved Past Paper (pdfs),Downloadable product No tag,One Time
Psychology AS Solved Past Paper (pdfs),Downloadable product No tag,One Time
Psychology A2 Solved Past Paper (pdfs),Downloadable product No tag,One Time
Physics AS Solved Past Paper (pdfs),Downloadable product No tag,One Time
Physics A2 Solved Past Paper (pdfs),Downloadable product No tag,One Time
Mathematics AS Solved Past Paper (pdfs),Downloadable product No tag,One Time
Mathematics A2 Solved Past Paper (pdfs),Downloadable product No tag,One Time
Accounting AS Solved Past Paper (pdfs),Downloadable product No tag,One Time
Accounting A2 Solved Past Paper (pdfs),Downloadable product No tag,One Time
Chemistry AS Revision Notes,Downloadable product No tag,One Time
Chemistry A2 Revision Notes,Downloadable product No tag,One Time
Biology AS Revision Notes,Downloadable product No tag,One Time
Biology A2 Revision Notes,Downloadable product No tag,One Time
Business AS Revision Notes,Downloadable product No tag,One Time
Economics AS Revision Notes,Downloadable product No tag,One Time
Economics A2 Revision Notes,Downloadable product No tag,One Time
Psychology AS Revision Notes,Downloadable product No tag,One Time
Physics AS Revision Notes,Downloadable product No tag,One Time
Physics A2 Revision Notes,Downloadable product No tag,One Time
Mathematics AS Revision Notes,Downloadable product No tag,One Time
Mathematics A2 Revision Notes,Downloadable product No tag,One Time
Accounting AS Revision Notes,Downloadable product No tag,One Time
Accounting A2 Revision Notes,Downloadable product No tag,One Time