Product Name,Learnworld Tag,
A Level Chemistry Crash Course Add-on (Per Month) - Composite,,
A Level Chemistry Crash Course Add-on (Per Month) - A2,,
A Level Chemistry Crash Course (Per Month) - A2,Solo Pass Chemistry Chem Live A2,30 Days
A Level Chemistry Crash Course (Per Month) - AS,Solo Pass Chemistry Chem Live AS,30 Days
A Level Chemistry Crash Course (Per Month) - Composite,Solo Pass Chemistry Chem Live A2 Chem Live AS,30 Days
A Level Chemistry Crash Course (Per Month) - AS,,
A Level Chemistry Crash Course (Per Month) - A2,,
A Level Chemistry Crash Course (Per Month) - Composite,,
A Level Chemistry Crash Course Add-on (Per Month) - AS,,
A Level Chemistry Crash Course (3 Months) - A2,Chem Live A2,90 Days
A Level Chemistry Crash Course (3 Months) - AS,Chem Live AS,90 Days
A Level Chemistry Crash Course (3 Months) - Composite,Chem Live A2 Chem Live AS,90 Days
A Level Chemistry Crash Course (3 Months) - Composite,,
A Level Chemistry Crash Course (3 Months) - A2,,
A Level Chemistry Crash Course (3 Months) - AS,,
A Level Chemistry Crash Course Add-on (3 Months) - Composite,,
A Level Chemistry Crash Course Add-on (3 Months) - A2,,
A Level Chemistry Crash Course Add-on (3 Months) - AS,,
A Level Mathematics Crash Course (3 Months) - A2,Solo Pass Mathematics Maths Live A2,90 Days
A Level Mathematics Crash Course (3 Months) - AS,Solo Pass Mathematics Maths Live AS,90 Days
A Level Mathematics Crash Course (3 Months) - Composite,Solo Pass Mathematics Maths Live A2 Maths Live AS,90 Days
A Level Mathematics Crash Course (Per Month) - A2,Solo Pass Mathematics Maths Live A2,30 Days
A Level Mathematics Crash Course (Per Month) - AS,Solo Pass Mathematics Maths Live AS,30 Days
A Level Mathematics Crash Course (Per Month) - Composite,Solo Pass Mathematics Maths Live A2 Maths Live AS,30 Days