Product Name,Learnworld Tag,Time
A Level Business Past Papers Course (Add-on) - A2,Biz Live A2,One time
A Level Business Past Papers Course (Add-on) - AS,Biz Live AS,One time
A Level Business Past Papers Course (Add-on) - Composite,Biz Live A2 Biz Live AS,One time
,,
,,
,,
,,
,,
,,
A Level Chemistry Past Papers Course (Add-on) - A2,Chem PP A2,One time
A Level Chemistry Past Papers Course (Add-on) - AS,Chem PP AS,One time
A Level Chemistry Past Papers Course (Add-on) - Composite,Chem PP A2 Chem PP AS,One time
,,
,,
,,
,,
,,
,,
,,
A Level Economics Past Papers Course (Add-on) - A2,Eco Live A2,One time
A Level Economics Past Papers Course (Add-on) - AS,Eco Live AS,One time
A Level Economics Past Papers Course (Add-on) - Composite,Eco Live A2 Eco Live AS,One time
AS Level Physics Past Paper Course (Add-on),Phy PP AS,One time
AS Level Mathematics Past Paper Course (Add-on),Maths PP AS,One time